time,close_time,open,high,low,close,volume
1783671300000,1783672199999,64023.99,64392.0,64023.99,64331.99,412.02182
1783672200000,1783673099999,64331.99,64367.96,64174.01,64200.0,195.10731
1783673100000,1783673999999,64200.01,64287.16,64140.74,64246.01,134.91002
1783674000000,1783674899999,64246.0,64270.62,64102.0,64216.73,241.87884
1783674900000,1783675799999,64216.73,64421.94,64210.0,64417.05,381.18125
1783675800000,1783676699999,64417.06,64480.01,64357.79,64466.12,292.29742
1783676700000,1783677599999,64466.11,64478.42,64382.03,64385.09,135.65099
1783677600000,1783678499999,64385.09,64406.0,64274.47,64294.64,93.59536
1783678500000,1783679399999,64294.65,64438.76,64282.69,64437.49,121.97218
1783679400000,1783680299999,64437.48,64494.84,64370.0,64476.0,88.39057
1783680300000,1783681199999,64476.0,64491.89,64407.8,64407.8,96.89996
1783681200000,1783682099999,64407.8,64479.61,64396.97,64449.54,94.45583
1783682100000,1783682999999,64449.54,64467.99,64364.0,64427.01,89.77076
1783683000000,1783683899999,64427.02,64427.02,64341.83,64395.61,79.19098
1783683900000,1783684799999,64395.62,64480.0,64387.99,64425.18,73.87086
1783684800000,1783685699999,64425.18,64608.0,63999.0,64542.48,481.22153
1783685700000,1783686599999,64542.48,64542.49,64372.0,64500.84,274.18521
1783686600000,1783687499999,64500.84,64525.29,64356.0,64369.99,201.51366
1783687500000,1783688399999,64369.99,64390.09,64265.59,64286.64,125.03023
1783688400000,1783689299999,64286.65,64343.11,64244.9,64244.9,132.72046
1783689300000,1783690199999,64244.91,64274.06,64156.56,64161.86,151.29728
1783690200000,1783691099999,64161.86,64442.0,64152.84,64381.15,245.49051
1783691100000,1783691999999,64381.16,64692.83,64374.73,64484.0,297.17121
1783692000000,1783692899999,64484.0,64516.0,64194.29,64210.0,215.5331
1783692900000,1783693799999,64210.0,64254.9,63960.87,64135.77,320.2431
1783693800000,1783694699999,64135.77,64322.0,63793.43,64099.55,479.40684
1783694700000,1783695599999,64099.56,64144.0,63896.31,63914.87,323.54889
1783695600000,1783696499999,63914.88,64079.62,63898.0,63990.0,222.22987
1783696500000,1783697399999,63990.01,64210.0,63990.0,64143.31,169.3372
1783697400000,1783698299999,64143.3,64169.07,63944.0,63955.84,194.53329
1783698300000,1783699199999,63955.84,64040.0,63936.0,64040.0,151.72677
1783699200000,1783700099999,64039.99,64087.23,63956.66,64056.02,146.75618
1783700100000,1783700999999,64056.01,64155.19,63988.67,64012.04,148.41065
1783701000000,1783701899999,64012.03,64036.0,63826.57,63937.91,175.3859
1783701900000,1783702799999,63937.92,64220.0,63914.0,64140.01,200.91313
1783702800000,1783703699999,64140.0,64158.58,63942.45,63960.0,114.82822
1783703700000,1783704599999,63960.01,64017.03,63864.95,63978.0,125.70132
1783704600000,1783705499999,63978.0,63978.01,63852.38,63881.99,124.23365
1783705500000,1783706399999,63882.0,63936.76,63821.88,63823.99,126.8159
1783706400000,1783707299999,63824.0,64003.99,63823.99,63890.18,180.34933
1783707300000,1783708199999,63890.18,63982.41,63848.24,63924.57,102.98836
1783708200000,1783709099999,63924.57,63940.0,63858.7,63883.99,108.6959
1783709100000,1783709999999,63883.99,63884.0,63732.66,63810.0,174.14708
1783710000000,1783710899999,63809.99,63900.0,63784.0,63882.05,86.42292
1783710900000,1783711799999,63882.04,63922.38,63780.0,63861.09,100.9894
1783711800000,1783712699999,63861.1,64077.56,63851.01,63986.01,272.43783
1783712700000,1783713599999,63986.0,64020.0,63889.99,63917.88,767.68037
1783713600000,1783714499999,63917.88,63920.0,63819.72,63819.72,380.64523
1783714500000,1783715399999,63819.73,63946.36,63656.0,63732.25,605.96554
1783715400000,1783716299999,63732.26,63904.0,63719.3,63883.84,88.12008
1783716300000,1783717199999,63883.85,63883.85,63840.89,63841.25,52.08453
1783717200000,1783718099999,63841.25,63985.51,63835.05,63947.99,72.6421
1783718100000,1783718999999,63948.0,64018.0,63936.0,64010.15,61.83091
1783719000000,1783719899999,64010.14,64099.56,63989.36,64039.89,116.09533
1783719900000,1783720799999,64039.88,64040.0,63989.05,64011.99,56.73213
1783720800000,1783721699999,64012.0,64054.75,63981.37,64051.83,93.97334
1783721700000,1783722599999,64051.82,64138.99,64018.0,64132.07,128.35781
1783722600000,1783723499999,64132.08,64160.0,64119.23,64123.97,94.68751
1783723500000,1783724399999,64123.97,64169.39,64074.7,64112.29,191.12316
1783724400000,1783725299999,64112.3,64120.0,64024.0,64120.0,76.11842
1783725300000,1783726199999,64120.0,64203.09,64115.84,64190.0,51.1383
1783726200000,1783727099999,64190.0,64222.61,64165.0,64222.0,260.26594
1783727100000,1783727999999,64222.0,64222.01,64118.91,64161.72,302.73127
1783728000000,1783728899999,64161.72,64168.49,64059.27,64068.76,156.93118
1783728900000,1783729799999,64068.77,64130.76,64028.43,64109.54,28.26401
1783729800000,1783730699999,64109.55,64147.27,64050.0,64147.27,87.8634
1783730700000,1783731599999,64147.27,64147.27,64090.0,64124.0,42.72643
1783731600000,1783732499999,64123.99,64162.0,64100.0,64138.0,89.03494
1783732500000,1783733399999,64137.99,64310.0,64128.76,64228.82,162.93928
1783733400000,1783734299999,64228.82,64269.01,64006.0,64060.0,106.90057
1783734300000,1783735199999,64060.01,64109.08,64004.01,64012.95,46.54908
1783735200000,1783736099999,64012.95,64058.0,63984.07,64006.98,46.52451
1783736100000,1783736999999,64006.98,64070.2,64004.15,64032.55,28.82718
1783737000000,1783737899999,64032.55,64145.81,64027.53,64145.57,59.00048
1783737900000,1783738799999,64145.56,64166.0,64136.22,64158.04,71.13801
1783738800000,1783739699999,64158.04,64188.01,64115.66,64188.01,42.44373
1783739700000,1783740599999,64188.0,64195.04,64068.0,64116.44,73.81608
1783740600000,1783741499999,64116.44,64184.24,64116.43,64159.1,23.67911
1783741500000,1783742399999,64159.11,64190.0,64150.42,64150.42,34.85346
1783742400000,1783743299999,64150.42,64150.43,64087.45,64119.35,29.2789
1783743300000,1783744199999,64119.35,64169.99,64080.26,64140.45,98.76792
1783744200000,1783745099999,64140.44,64213.55,64136.2,64154.43,43.50225
1783745100000,1783745999999,64154.44,64170.0,64120.0,64152.0,51.97644
1783746000000,1783746899999,64152.0,64198.12,64121.07,64164.04,117.36765
1783746900000,1783747799999,64164.04,64200.01,64140.0,64200.0,94.34787
1783747800000,1783748699999,64200.0,64221.99,64158.0,64200.01,272.8466
1783748700000,1783749599999,64200.01,64200.01,64140.4,64176.01,51.41256
1783749600000,1783750499999,64176.0,64210.0,64124.0,64174.99,95.98496
1783750500000,1783751399999,64175.0,64278.0,64174.99,64228.71,60.12934
1783751400000,1783752299999,64228.72,64265.74,64218.25,64218.25,57.03753
1783752300000,1783753199999,64218.26,64237.59,64200.27,64219.1,89.69324
1783753200000,1783754099999,64219.09,64227.58,64176.0,64218.0,147.92084
1783754100000,1783754999999,64218.01,64256.55,64194.0,64204.99,190.35209
1783755000000,1783755899999,64205.0,64232.0,64174.6,64174.61,42.96927
1783755900000,1783756799999,64174.61,64177.91,64152.0,64162.18,41.42852
1783756800000,1783757699999,64162.18,64250.0,64153.87,64230.77,51.26858
1783757700000,1783758599999,64230.77,64274.81,64229.2,64250.56,41.10952
1783758600000,1783759499999,64250.57,64300.0,64242.8,64286.86,44.80388
1783759500000,1783760399999,64286.87,64286.87,64235.62,64265.98,31.93245
1783760400000,1783761299999,64265.98,64275.81,64217.78,64217.79,46.71145
1783761300000,1783762199999,64217.79,64270.21,64217.78,64270.19,27.09318
1783762200000,1783763099999,64270.19,64300.0,64189.18,64189.18,144.41996
1783763100000,1783763999999,64189.19,64189.19,64159.7,64167.34,129.31487
1783764000000,1783764899999,64167.35,64204.02,64157.96,64204.01,77.34694
1783764900000,1783765799999,64204.02,64204.02,64152.65,64184.01,107.11734
1783765800000,1783766699999,64184.0,64186.58,64129.99,64130.0,183.24604
1783766700000,1783767599999,64130.0,64196.0,64129.99,64196.0,53.54202
1783767600000,1783768499999,64196.0,64215.32,64178.0,64210.0,128.36473
1783768500000,1783769399999,64210.0,64212.01,64167.99,64175.85,97.74397
1783769400000,1783770299999,64175.84,64213.57,64169.99,64185.0,134.3857
1783770300000,1783771199999,64185.0,64198.0,64179.96,64198.0,56.94656
1783771200000,1783772099999,64197.99,64225.99,64158.11,64214.25,217.80908
1783772100000,1783772999999,64214.26,64228.0,64172.62,64181.72,90.35169
1783773000000,1783773899999,64181.72,64181.72,64130.65,64141.99,63.27429
1783773900000,1783774799999,64141.99,64198.0,64141.99,64195.49,36.87893
1783774800000,1783775699999,64195.48,64203.89,64169.78,64186.43,91.24072
1783775700000,1783776599999,64186.44,64213.78,64159.99,64190.7,110.83298
1783776600000,1783777499999,64190.71,64266.0,64190.7,64239.93,102.29724
1783777500000,1783778399999,64239.94,64265.66,64234.0,64235.66,47.81361
1783778400000,1783779299999,64235.67,64276.21,64235.66,64264.01,44.39749
1783779300000,1783780199999,64264.0,64450.0,64264.0,64380.9,193.46112
1783780200000,1783781099999,64380.91,64504.11,64380.9,64419.78,203.64434
1783781100000,1783781999999,64419.79,64431.86,64350.0,64350.07,109.92866
1783782000000,1783782899999,64350.07,64484.01,64347.91,64463.99,130.71702
1783782900000,1783783799999,64463.99,64474.59,64410.14,64429.83,109.88437
1783783800000,1783784699999,64429.83,64450.0,63896.18,64094.69,678.31889
1783784700000,1783785599999,64094.7,64191.04,64008.0,64175.75,266.70429
1783785600000,1783786499999,64175.75,64214.0,64084.0,64186.68,174.03571
1783786500000,1783787399999,64186.68,64230.96,64148.84,64220.0,114.80606
1783787400000,1783788299999,64220.01,64273.63,64114.74,64146.0,116.0185
1783788300000,1783789199999,64145.99,64180.01,64102.2,64180.01,63.66604
1783789200000,1783790099999,64180.0,64224.0,64164.08,64206.67,47.77097
1783790100000,1783790999999,64206.67,64300.0,64192.0,64300.0,58.51364
1783791000000,1783791899999,64299.99,64402.0,64299.99,64359.51,101.39949
1783791900000,1783792799999,64359.52,64388.82,64312.82,64315.53,65.26835
1783792800000,1783793699999,64315.53,64342.3,64288.91,64304.99,101.88492
1783793700000,1783794599999,64305.0,64395.17,64304.99,64341.3,77.4067
1783794600000,1783795499999,64341.31,64360.01,64330.0,64353.29,55.11732
1783795500000,1783796399999,64353.29,64353.3,64294.0,64327.99,39.83597
1783796400000,1783797299999,64327.99,64328.0,64298.97,64323.19,57.84002
1783797300000,1783798199999,64323.19,64338.0,64233.69,64233.69,61.23016
1783798200000,1783799099999,64233.69,64285.9,64233.23,64270.63,52.15961
1783799100000,1783799999999,64270.63,64290.0,64260.95,64286.0,31.09328
1783800000000,1783800899999,64286.0,64350.0,64285.99,64324.61,81.5978
1783800900000,1783801799999,64324.62,64360.0,64324.62,64350.0,25.98985
1783801800000,1783802699999,64350.0,64463.83,64346.0,64415.05,63.86359
1783802700000,1783803599999,64415.05,64425.87,64382.04,64382.45,25.77959
1783803600000,1783804499999,64382.44,64427.56,64354.45,64354.45,29.91619
1783804500000,1783805399999,64354.45,64396.0,64353.13,64367.22,30.2385
1783805400000,1783806299999,64367.21,64372.95,64342.0,64350.0,32.55963
1783806300000,1783807199999,64350.0,64380.0,64338.09,64355.99,23.80451
1783807200000,1783808099999,64355.99,64424.03,64330.0,64357.17,71.48242
1783808100000,1783808999999,64357.17,64364.65,64203.08,64251.3,91.42731
1783809000000,1783809899999,64251.29,64302.0,64167.33,64211.57,106.80037
1783809900000,1783810799999,64211.57,64222.0,64144.47,64203.08,33.60885
1783810800000,1783811699999,64203.09,64246.0,64083.82,64139.1,74.06303
1783811700000,1783812599999,64139.09,64181.3,63821.42,63932.8,458.51282
1783812600000,1783813499999,63932.8,63959.87,63820.0,63955.36,278.4237
1783813500000,1783814399999,63955.36,64018.85,63819.0,63819.0,66.45008
1783814400000,1783815299999,63819.01,63909.92,63781.81,63782.0,217.12438
1783815300000,1783816199999,63781.99,63906.0,63766.0,63829.87,417.2268
1783816200000,1783817099999,63829.87,63864.03,63702.16,63796.01,671.93807
1783817100000,1783817999999,63796.0,63874.27,63762.0,63828.47,996.21427
1783818000000,1783818899999,63828.48,64045.18,63812.0,63918.75,165.36429
1783818900000,1783819799999,63918.75,64002.0,63896.0,63947.96,83.28978
1783819800000,1783820699999,63947.95,64172.66,63929.69,64156.01,89.43142
1783820700000,1783821599999,64156.0,64165.03,64096.0,64133.61,56.16519
1783821600000,1783822499999,64133.61,64133.62,64029.51,64053.2,256.83231
1783822500000,1783823399999,64053.2,64131.97,64042.56,64110.77,262.06013
1783823400000,1783824299999,64110.77,64120.0,64071.4,64080.26,54.50117
1783824300000,1783825199999,64080.27,64121.87,64060.0,64070.39,335.176
1783825200000,1783826099999,64070.4,64124.0,64035.68,64089.21,263.07165
1783826100000,1783826999999,64089.22,64161.9,64089.21,64135.76,89.19172
1783827000000,1783827899999,64135.77,64216.0,64135.77,64174.29,88.94444
1783827900000,1783828799999,64174.29,64223.74,64155.25,64223.73,47.74338
1783828800000,1783829699999,64223.73,64245.87,64170.11,64175.92,79.40626
1783829700000,1783830599999,64175.91,64215.63,64069.99,64070.0,117.39341
1783830600000,1783831499999,64070.0,64070.0,63943.68,64025.17,154.53863
1783831500000,1783832399999,64025.17,64025.18,63963.26,63999.93,61.5749
1783832400000,1783833299999,63999.94,64024.48,63980.93,63991.23,74.65911
1783833300000,1783834199999,63991.22,63991.23,63911.28,63912.33,85.18367
1783834200000,1783835099999,63912.34,63981.21,63900.0,63965.99,54.52701
1783835100000,1783835999999,63965.99,63997.27,63959.93,63959.93,76.96965
1783836000000,1783836899999,63959.93,63962.85,63732.0,63752.0,191.36529
1783836900000,1783837799999,63751.99,63786.21,63640.83,63668.51,140.77048
1783837800000,1783838699999,63668.51,63787.2,63640.83,63773.83,126.17217
1783838700000,1783839599999,63773.83,63822.59,63722.0,63762.46,68.21287
1783839600000,1783840499999,63762.47,63824.01,63740.12,63824.0,55.36641
1783840500000,1783841399999,63823.99,63882.27,63803.02,63865.46,52.62745
1783841400000,1783842299999,63865.46,63891.63,63850.55,63870.01,171.6627
1783842300000,1783843199999,63870.02,63908.39,63846.84,63885.27,227.06926
1783843200000,1783844099999,63885.28,64100.32,63884.2,64051.52,284.89122
1783844100000,1783844999999,64051.53,64096.12,64000.0,64000.01,219.53587
1783845000000,1783845899999,64000.0,64015.39,64000.0,64015.38,394.83513
1783845900000,1783846799999,64015.39,64015.39,63930.0,63983.18,450.50937
1783846800000,1783847699999,63983.18,63991.57,63890.0,63890.0,518.07993
1783847700000,1783848599999,63890.0,63890.01,63764.0,63828.14,705.29112
1783848600000,1783849499999,63828.14,64062.17,63828.14,64007.91,986.83627
1783849500000,1783850399999,64007.92,64021.99,63953.76,63961.61,879.29071
1783850400000,1783851299999,63961.6,63961.6,63896.99,63928.84,31.95227
1783851300000,1783852199999,63928.82,63939.05,63884.01,63884.01,28.50065
1783852200000,1783853099999,63884.01,63910.06,63848.98,63873.99,55.37344
1783853100000,1783853999999,63874.0,63893.87,63843.4,63865.76,134.54542
1783854000000,1783854899999,63865.76,63915.0,63826.01,63848.01,28.89956
1783854900000,1783855799999,63848.0,63911.42,63848.0,63911.42,25.48414
1783855800000,1783856699999,63911.41,64030.0,63911.41,64003.75,66.46976
1783856700000,1783857599999,64003.75,64028.31,63989.42,64018.01,37.81456
1783857600000,1783858499999,64018.0,64135.0,63970.55,64103.5,79.86614
1783858500000,1783859399999,64103.5,64124.84,64024.46,64054.13,67.37652
1783859400000,1783860299999,64054.14,64070.0,64000.0,64028.28,69.60507
1783860300000,1783861199999,64028.27,64050.0,63986.14,64026.0,103.21499
1783861200000,1783862099999,64026.01,64050.0,64004.0,64034.99,32.81471
1783862100000,1783862999999,64035.0,64097.99,64009.7,64043.5,178.40786
1783863000000,1783863899999,64043.49,64086.5,64034.0,64040.01,101.13208
1783863900000,1783864799999,64040.0,64042.84,63987.4,64023.14,57.56183
1783864800000,1783865699999,64023.13,64035.0,63958.71,63975.01,79.84101
1783865700000,1783866599999,63975.01,63998.11,63960.0,63997.93,28.35887
1783866600000,1783867499999,63997.92,64082.0,63997.92,64070.22,48.22847
1783867500000,1783868399999,64070.22,64290.11,64070.0,64203.08,105.01991
1783868400000,1783869299999,64203.08,64262.15,64149.97,64190.92,57.88815
1783869300000,1783870199999,64190.91,64241.51,64136.0,64223.36,56.30652
1783870200000,1783871099999,64223.36,64248.0,64117.97,64152.9,72.87206
1783871100000,1783871999999,64152.9,64213.77,64134.93,64176.0,43.63352
1783872000000,1783872899999,64176.0,64209.64,64042.0,64061.23,118.86901
1783872900000,1783873799999,64061.22,64177.41,64061.22,64176.77,46.84243
1783873800000,1783874699999,64176.77,64180.0,64108.0,64119.51,58.90001
1783874700000,1783875599999,64119.51,64177.71,64110.51,64177.7,35.71794
1783875600000,1783876499999,64177.7,64177.71,64136.43,64140.8,35.80722
1783876500000,1783877399999,64140.8,64164.7,64132.0,64132.78,30.67605
1783877400000,1783878299999,64132.77,64177.74,64115.63,64162.12,25.6839
1783878300000,1783879199999,64162.12,64164.35,64029.12,64078.0,151.79885
1783879200000,1783880099999,64078.0,64106.57,64026.86,64038.88,77.46012
1783880100000,1783880999999,64038.89,64091.08,64018.69,64066.0,57.63537
1783881000000,1783881899999,64066.0,64133.09,64066.0,64129.99,46.46762
1783881900000,1783882799999,64130.0,64150.0,64118.9,64147.99,26.18415
1783882800000,1783883699999,64148.0,64232.56,64147.99,64178.04,60.80646
1783883700000,1783884599999,64178.04,64213.18,64178.03,64206.29,22.27014
1783884600000,1783885499999,64206.3,64206.3,64147.3,64158.75,28.91593
1783885500000,1783886399999,64158.75,64270.0,64158.75,64228.59,66.33437
1783886400000,1783887299999,64228.59,64254.0,64182.25,64191.73,41.77476
1783887300000,1783888199999,64191.73,64209.13,64178.03,64203.26,21.9342
1783888200000,1783889099999,64203.27,64219.63,64178.03,64213.92,53.85391
1783889100000,1783889999999,64213.92,64230.0,64192.0,64198.89,40.67753
1783890000000,1783890899999,64198.9,64232.02,64198.82,64208.05,33.20408
1783890900000,1783891799999,64208.05,64208.06,64086.0,64106.0,67.18526
1783891800000,1783892699999,64106.0,64106.01,64022.66,64053.25,61.3749
1783892700000,1783893599999,64053.24,64053.24,63891.84,63920.4,155.52589
1783893600000,1783894499999,63920.4,63920.4,63686.12,63792.01,227.15309
1783894500000,1783895399999,63792.01,63835.0,63668.0,63826.0,100.02886
1783895400000,1783896299999,63825.99,63869.56,63766.61,63780.0,42.12221
1783896300000,1783897199999,63780.0,63923.99,63704.4,63886.87,56.61556
1783897200000,1783898099999,63886.86,63914.85,63739.33,63824.99,87.6688
1783898100000,1783898999999,63825.0,63849.42,63787.23,63826.99,33.56492
1783899000000,1783899899999,63826.98,63862.0,63750.0,63812.0,83.82317
1783899900000,1783900799999,63812.0,63824.0,63726.62,63780.0,55.74892
1783900800000,1783901699999,63780.0,64295.0,63725.37,64295.0,317.60469
1783901700000,1783902599999,64295.0,64425.0,64174.39,64181.65,212.59475
1783902600000,1783903499999,64181.65,64204.0,63568.0,63786.0,434.66956
1783903500000,1783904399999,63786.0,64117.64,63780.0,64072.01,170.03408
1783904400000,1783905299999,64072.0,64072.01,63659.73,63856.05,205.59727
1783905300000,1783906199999,63856.04,63991.54,63664.51,63720.0,200.76786
1783906200000,1783907099999,63720.0,63768.38,63542.33,63693.97,295.45647
1783907100000,1783907999999,63693.98,63698.0,63376.53,63412.01,411.83969
1783908000000,1783908899999,63412.01,63450.0,63237.26,63412.12,274.17119
1783908900000,1783909799999,63412.12,63541.94,63365.08,63468.25,191.85366
1783909800000,1783910699999,63468.24,63496.5,63394.13,63468.01,109.03908
1783910700000,1783911599999,63468.01,63469.53,63343.29,63375.99,46.93081
1783911600000,1783912499999,63376.0,63382.95,62892.65,63024.66,413.2011
1783912500000,1783913399999,63024.67,63123.77,62808.0,63072.01,291.06991
1783913400000,1783914299999,63072.0,63072.0,62741.04,62821.52,224.59294
1783914300000,1783915199999,62821.53,62870.0,62788.0,62806.41,139.95876
1783915200000,1783916099999,62806.41,62869.02,62688.6,62817.97,198.38307
1783916100000,1783916999999,62817.96,62911.94,62817.96,62874.97,109.51235
1783917000000,1783917899999,62874.97,62874.97,62620.13,62718.0,217.01959
1783917900000,1783918799999,62718.0,62782.0,62662.0,62672.0,145.34106
1783918800000,1783919699999,62672.0,62905.68,62500.76,62809.59,332.28622
1783919700000,1783920599999,62809.6,62836.0,62614.46,62636.0,260.59393
1783920600000,1783921499999,62636.0,62820.3,62563.56,62804.16,111.88247
1783921500000,1783922399999,62804.15,62826.95,62763.97,62799.0,111.38586
1783922400000,1783923299999,62799.01,62864.16,62731.5,62746.27,158.52757
1783923300000,1783924199999,62746.27,62843.92,62710.45,62843.91,96.83299
1783924200000,1783925099999,62843.92,62870.91,62767.2,62840.8,55.98002
1783925100000,1783925999999,62840.8,62880.0,62790.83,62797.55,73.77448
1783926000000,1783926899999,62797.55,62876.33,62753.69,62808.09,170.89677
1783926900000,1783927799999,62808.1,63024.12,62790.53,62964.01,251.15634
1783927800000,1783928699999,62964.0,63064.07,62916.0,62978.55,676.64333
1783928700000,1783929599999,62978.55,63070.01,62959.32,62985.52,377.49146
1783929600000,1783930499999,62985.53,63105.28,62935.92,63038.64,625.2501
1783930500000,1783931399999,63038.63,63120.03,62982.0,63100.0,512.37732
1783931400000,1783932299999,63100.01,63127.87,63000.73,63127.86,393.95774
1783932300000,1783933199999,63127.86,63302.88,63122.21,63206.97,361.45411
1783933200000,1783934099999,63206.98,63210.0,63138.75,63155.26,119.32965
1783934100000,1783934999999,63155.26,63155.27,63098.59,63131.0,85.04434
1783935000000,1783935899999,63131.0,63134.01,63090.67,63109.32,229.95585
1783935900000,1783936799999,63109.33,63127.01,63086.12,63100.02,229.10591
1783936800000,1783937699999,63100.02,63115.79,63080.0,63085.82,144.90341
1783937700000,1783938599999,63085.81,63157.85,63068.11,63100.0,160.33664
1783938600000,1783939499999,63100.0,63121.94,62884.29,62932.45,393.69853
1783939500000,1783940399999,62932.45,62975.54,62862.28,62867.89,89.35506
1783940400000,1783941299999,62867.9,62986.97,62867.9,62986.97,25.52323
